<?xml version="1.0"?>
<!DOCTYPE hibernate-mapping PUBLIC "-//Hibernate/Hibernate Mapping DTD 3.0//EN"
"http://www.hibernate.org/dtd/hibernate-mapping-3.0.dtd">
<!-- Generated Nov 13, 2013 4:33:38 PM by Hibernate Tools 3.2.1.GA -->
<hibernate-mapping>
    <typedef name="encrypted" class="org.jasypt.hibernate4.type.EncryptedStringType">
        <param name="encryptorRegisteredName">strongHibernateStringEncryptor</param>
    </typedef>
    <class name="com.viettel.synchronize.database.hibernate.DhUser" table="dh_user">
        <id name="id" type="java.lang.Integer">
            <column name="id" />
            <generator class="identity" />
        </id>
        <property name="fullname" type="string">
            <column name="fullname" length="32" not-null="true" />
        </property>
        
        <property name="lastname" type="string">
            <column name="lastName" length="32"  />
        </property>
        <property name="registerIp" type="string">
            <column name="registerIp" length="60" not-null="false" />
        </property>
        
        <property name="fullnameAscii" type="string">
            <column name="fullnameAscii" length="32" not-null="true" />
        </property>
        <property name="sex" type="int">
            <column name="sex" not-null="true" />
        </property>
		
        <property name="applicationState" type="int">
            <column name="applicationState" not-null="false" />
        </property>
        <property name="applicationCurrentStateTime" type="long">
            <column name="applicationCurrentStateTime" not-null="false" />
        </property>
		
        <property name="marrial" type="int">
            <column name="marrial" not-null="true" />
        </property>
        <property name="marrialWith" type="int">
            <column name="marrialWith" not-null="true" />
        </property>
        <property name="username" type="string">
            <column name="username" length="32" not-null="true" />
        </property>
		
        <property name="employeeCode" type="string">
            <column name="employeeCode" length="32" not-null="false" />
        </property>
		
        <property name="employeeId" type="long">
            <column name="employeeId" not-null="false" />
           
        </property>
		
        <property name="type" type="byte">
            <column name="type" not-null="true">
                <comment>0:nguoi dung binh thuong;1:vip;2:nguoi dung dc chung thuc (nguoi noi tieng);3:mod (dc cap 1 so quyen);4:super admin</comment>
            </column>
        </property>
        <property name="email" type="string">
            <column name="email" length="64" />
        </property>
        <property name="phoneNumber" type="string">
            <column name="phoneNumber" length="20" />
        </property>
		
        <property name="countryCode" type="string">
            <column name="countryCode" length="20" not-null="false" />
        </property>
		
		
        <property name="screenSize" type="string">
            <column name="screenSize" length="200" not-null="false" />
        </property>
        <property name="deviceName" type="string">
            <column name="deviceName" length="200" not-null="false" />
        </property>
        <property name="audioCodecs" type="string">
            <column name="audioCodecs" length="200" not-null="false" />
        </property>
        <property name="password" type="string">
            <column name="password" length="64" />
        </property>
        <property name="rawPassword" type="string">
            <column name="rawPassword" length="32" />
        </property>
        <property name="emailActivation" type="boolean">
            <column name="emailActivation" not-null="true" />
        </property>
        <property name="registerDate" type="timestamp">
            <column name="registerDate" length="19" not-null="true" />
        </property>
        <property name="lastVisitDate" type="timestamp">
            <column name="lastVisitDate" length="19" not-null="true" />
        </property>
        <property name="avatar" type="string">
            <column name="avatar" length="300" />
        </property>
        <property name="avatarSmall" type="string">
            <column name="avatarSmall" length="300" />
        </property>
        <property name="avatar90" type="string">
            <column name="avatar90" length="300" />
        </property>
        <property name="avatar150" type="string">
            <column name="avatar150" length="300" />
        </property>
        <property name="avatarFull" type="string">
            <column name="avatarFull" length="300" />
        </property>
        <property name="server" type="int">
            <column name="server" not-null="true" />
        </property>
        <property name="birthday" type="date">
            <column name="birthday" length="10" />
        </property>
        <property name="about" type="string">
            <column name="about" length="65535" />
        </property>
        <property name="privacyViewProfile" type="byte">
            <column name="privacyViewProfile" not-null="true">
                <comment>EVERYONE=0; FRIENDS_OF_FRIENDS=1; FRIENDS_ONLY=2; SPECIFIC_PEOPLE=3; ONLY_ME=4;</comment>
            </column>
        </property>
		
		
        <property name="privacyViewOnlineStatus" type="byte">
            <column name="privacyViewOnlineStatus" not-null="true">
            </column>
        </property>
        <property name="privacyViewAvatar" type="byte">
            <column name="privacyViewAvatar" not-null="true">
            </column>
        </property>
        <property name="privacyViewStatusMsg" type="byte">
            <column name="privacyViewStatusMsg" not-null="true">
            </column>
        </property>
		
		
        <property name="privacyPostProfile" type="byte">
            <column name="privacyPostProfile" not-null="true">
                <comment>EVERYONE=0; FRIENDS_OF_FRIENDS=1; FRIENDS_ONLY=2; SPECIFIC_PEOPLE=3; ONLY_ME=4;</comment>
            </column>
        </property>
        <property name="privacyComment" type="byte">
            <column name="privacyComment" not-null="true">
                <comment>EVERYONE=0; FRIENDS_OF_FRIENDS=1; FRIENDS_ONLY=2; SPECIFIC_PEOPLE=3; ONLY_ME=4;</comment>
            </column>
        </property>
        <property name="privacyReceiveMessage" type="byte">
            <column name="privacyReceiveMessage" not-null="true">
                <comment>EVERYONE=0; FRIENDS_OF_FRIENDS=1; FRIENDS_ONLY=2; SPECIFIC_PEOPLE=3; ONLY_ME=4;</comment>
            </column>
        </property>
        <property name="privacyVisitHomePage" type="byte">
            <column name="privacyVisitHomePage" not-null="true">
                <comment>1:de lai vet khi xem homepage nguoi khac;0: ko de lai vet</comment>
            </column>
        </property>
        <property name="privacyShowPreview" type="boolean">
            <column name="privacyShowPreview" not-null="true">
                <comment>1:hien thi ca noi dung tin nhan khi push notification; 0:ko hien thi noi dung</comment>
            </column>
        </property>
        
        <property name="privacyAllowFindWifi" type="boolean">
            <column name="privacyAllowFindWifi" not-null="true">
                <comment>1: cho phep tim thay toi qua wifi; 0: khong cho phep</comment>
            </column>
        </property>
        
        <property name="pluginUrlToPhoto" type="boolean">
            <column name="pluginUrlToPhoto" not-null="true" />
        </property>
        <property name="pluginPhotoZoom" type="boolean">
            <column name="pluginPhotoZoom" not-null="true" />
        </property>
        <property name="browser" type="boolean">
            <column name="browser" not-null="true" />
        </property>
        
        <property name="online" type="byte">
            <column name="`online`" not-null="true" />
        </property>
        <property name="chatServer" type="int">
            <column name="chatServer" not-null="true" />
        </property>
        <property name="modified" type="long">
            <column name="modified" />
        </property>
        <property name="lastDevice" type="int">
            <column name="lastDevice" not-null="true">
                <comment>1: android; 2: ios</comment>
            </column>
        </property>
        <property name="olaUsername" type="string">
            <column name="ola_username" length="32" />
        </property>
        <property name="olaPassword" type="string">
            <column name="ola_password" length="32" />
        </property>
        <property name="locationLong" type="java.lang.Double">
            <column name="locationLong" precision="22" scale="0" />
        </property>
        <property name="locationLat" type="java.lang.Double">
            <column name="locationLat" precision="22" scale="0" />
        </property>
        <property name="statusMessage" type="string">
            <column name="statusMessage" length="500" />
        </property>
        <property name="platform" type="byte">
            <column name="platform" not-null="true">
                <comment>1: android; 2: ios; 3: websocket</comment>
            </column>
        </property>
        <property name="platformVersion" type="string">
            <column name="platformVersion" length="100" />
        </property>
        <property name="appVersion" type="string">
            <column name="appVersion" length="10" />
        </property>
        <property name="lastSyncTime" type="long">
            <column name="lastSyncTime"/>
        </property>
    </class>
</hibernate-mapping>
