<?xml version="1.0"?>
<!DOCTYPE hibernate-mapping PUBLIC "-//Hibernate/Hibernate Mapping DTD 3.0//EN"
"http://www.hibernate.org/dtd/hibernate-mapping-3.0.dtd">
<!-- Generated Aug 17, 2015 9:48:44 AM by Hibernate Tools 4.3.1 -->
<hibernate-mapping>
    <typedef name="encrypted" class="org.jasypt.hibernate4.type.EncryptedStringType">
        <param name="encryptorRegisteredName">strongHibernateStringEncryptor</param>
    </typedef>
    <class name="com.viettel.synchronize.database.hibernate.DhVhrOrganization" table="dh_vhr_organization" optimistic-lock="version">
        <id name="organizationId" type="java.lang.Integer">
            <column name="organizationId" />
            <generator class="assigned" />
        </id>
        <property name="code" type="string">
            <column name="code" length="11">
                <comment>m&#195;&#163; &#196;&#145;&#198;&#161;n v&#225;&#187;&#139;</comment>
            </column>
        </property>
        <property name="effectiveEndDate" type="timestamp">
            <column name="effectiveEndDate" length="19">
                <comment>ng&#195;&#160;y h&#225;&#186;&#191;t hi&#225;&#187;&#135;u l&#225;&#187;&#177;c</comment>
            </column>
        </property>
        <property name="effectiveStartDate" type="timestamp">
            <column name="effectiveStartDate" length="19">
                <comment>ng&#195;&#160;y hi&#225;&#187;&#135;u l&#225;&#187;&#177;c</comment>
            </column>
        </property>
        <property name="isActive" type="java.lang.Boolean">
            <column name="isActive">
                <comment>1- c&#195;&#178;n t&#225;&#187;&#147;n t&#225;&#186;&#161;i; 0-kh&#195;&#180;ng c&#195;&#178;n t&#225;&#187;&#147;n t&#225;&#186;&#161;i</comment>
            </column>
        </property>
        <property name="name" type="string">
            <column name="name" length="256" not-null="true">
                <comment>t&#195;&#170;n &#196;&#145;&#198;&#161;n v&#225;&#187;&#139;</comment>
            </column>
        </property>
        <property name="numOfNonPartyMember" type="java.lang.Integer">
            <column name="numOfNonPartyMember">
                <comment>s&#225;&#187;&#145; nh&#195;&#162;n vi&#195;&#170;n kh&#195;&#180;ng ph&#225;&#186;&#163;i l&#195;&#160; &#196;&#144;&#225;&#186;&#163;ng
                    vi&#195;&#170;n</comment>
            </column>
        </property>
        <property name="numOfPartyMember" type="java.lang.Integer">
            <column name="numOfPartyMember">
                <comment>S&#225;&#187;&#145; nh&#195;&#162;n vi&#195;&#170;n l&#195;&#160; &#196;&#144;&#225;&#186;&#163;ng vi&#195;&#170;n</comment>
            </column>
        </property>
        <property name="orderNumber" type="java.lang.Integer">
            <column name="orderNumber">
                <comment>s&#225;&#187;&#145; th&#225;&#187;&#169; t&#225;&#187;&#177; &#196;&#145;&#198;&#161;n v&#225;&#187;&#139;</comment>
            </column>
        </property>
        <property name="orgLevelManage" type="java.lang.Integer">
            <column name="orgLevelManage">
                <comment>c&#225;&#186;&#165;p &#196;&#145;&#198;&#161;n v&#225;&#187;&#139; qu&#225;&#186;&#163;n l&#195;&#189;</comment>
            </column>
        </property>
        <property name="orgType" type="string">
            <column name="orgType" length="256">
                <comment>lo&#225;&#186;&#161;i &#196;&#145;&#198;&#161;n v&#225;&#187;&#139;</comment>
            </column>
        </property>
        <property name="parentId" type="int">
            <column name="parentId" not-null="true">
                <comment>id &#196;&#145;&#198;&#161;n v&#225;&#187;&#139; cha</comment>
            </column>
        </property>
        <property name="path" type="string">
            <column name="path" length="1000">
                <comment>chu&#225;&#187;&#151;i id &#196;&#145;&#198;&#161;n v&#225;&#187;&#139;</comment>
            </column>
        </property>
        <property name="lastSyncTime" type="long">
            <column name="lastSyncTime">
            </column>
        </property>
    </class>
</hibernate-mapping>
