<?xml version="1.0"?>
<!DOCTYPE hibernate-mapping PUBLIC "-//Hibernate/Hibernate Mapping DTD 3.0//EN"
"http://www.hibernate.org/dtd/hibernate-mapping-3.0.dtd">
<!-- Generated Sep 21, 2015 2:09:32 PM by Hibernate Tools 4.3.1 -->
<hibernate-mapping>
    <typedef name="encrypted" class="org.jasypt.hibernate4.type.EncryptedStringType">
        <param name="encryptorRegisteredName">strongHibernateStringEncryptor</param>
    </typedef>
    <class name="com.viettel.synchronize.database.hibernate.DhVhrEmployee" table="dh_vhr_employee" >
        <id name="employeeId" type="int">
            <column name="employeeId" />
            <generator class="assigned" />
        </id>
        <property name="employeeCode" type="string">
            <column name="employeeCode" length="100" not-null="true">
                <comment>m&#227; nh&#226;n vi&#234;n</comment>
            </column>
        </property>
        <property name="gender" type="int">
            <column name="gender" not-null="true">
                <comment>0: n?; 1: nam</comment>
            </column>
        </property>
        
        <property name="active" type="int">
            <column name="active" not-null="true">
                <comment>0: chua active; 1: da active</comment>
            </column>
        </property>
        <property name="joinCompanyDate" type="timestamp">
            <column name="joinCompanyDate" length="19">
                <comment>ng&#224;y v&#224;o c&#244;ng ty</comment>
            </column>
        </property>
        <property name="dateOfBirth" type="date">
            <column name="dateOfBirth" length="10">
                <comment>ng&#224;y sinh</comment>
            </column>
        </property>
        <property name="placeOfBirth" type="string">
            <column name="placeOfBirth" length="200">
                <comment>n?i sinh</comment>
            </column>
        </property>
        <property name="currentAddress" type="string">
            <column name="currentAddress" length="2000">
                <comment>??a ch? hi?n t?i</comment>
            </column>
        </property>
        <property name="permanentAddress" type="string">
            <column name="permanentAddress" length="2000">
                <comment>??a ch? th??ng tr&#250;</comment>
            </column>
        </property>
        <property name="positionId" type="int">
            <column name="positionId" not-null="true">
                <comment>Id ch?c danh</comment>
            </column>
        </property>
        <property name="positionName" type="string">
            <column name="positionName" length="200">
                <comment>t&#234;n ch?c danh</comment>
            </column>
        </property>
        <property name="fullName" type="string">
            <column name="fullName" length="200" not-null="true">
                <comment>t&#234;n nh&#226;n vi&#234;n</comment>
            </column>
        </property>
        <property name="mobileNumber" type="string">
            <column name="mobileNumber" length="50">
                <comment>?i?n tho?i di ??ng</comment>
            </column>
        </property>
        <property name="telephoneNumber" type="string">
            <column name="telephoneNumber" length="50">
                <comment>?i?n tho?i c? ??nh</comment>
            </column>
        </property>
        <property name="email" type="string">
            <column name="email" length="500">
                <comment>email</comment>
            </column>
        </property>
        <property name="password" type="string">
            <column name="password" length="64">
                <comment>m?t kh?u th&#244;ng tin nh&#226;n s?</comment>
            </column>
        </property>
        <property name="displayName" type="string">
            <column name="displayName" length="200">
                <comment>t&#234;n hi?n th?</comment>
            </column>
        </property>
        <property name="language" type="java.lang.Integer">
            <column name="language">
                <comment>ng&#244;n ng?</comment>
            </column>
        </property>
        <property name="timezone" type="java.lang.Integer">
            <column name="timezone">
                <comment>m&#250;i gi?</comment>
            </column>
        </property>
        <property name="profileImagePath" type="string">
            <column name="profileImagePath" length="256">
                <comment>URL ?nh profile</comment>
            </column>
        </property>
        <property name="userLanguage" type="string">
            <column name="userLanguage" length="100">
                <comment>ng&#244;n ng? ng??i d&#249;ng</comment>
            </column>
        </property>
        <property name="status" type="long">
            <column name="status" not-null="true">
                <comment>tr?ng th&#225;i: 0-?ang l&#224;m vi?c; 1-?&#227; ngh?</comment>
            </column>
        </property>
        <property name="partyAdmissionDate" type="date">
            <column name="partyAdmissionDate" length="10">
                <comment>ng&#224;y v&#224;o ??ng</comment>
            </column>
        </property>
        <property name="partyAdmissionPlace" type="string">
            <column name="partyAdmissionPlace" length="1000">
                <comment>n?i v&#224;o ??ng</comment>
            </column>
        </property>
        <property name="soldierLevel" type="string">
            <column name="soldierLevel" length="1000">
                <comment>c?p b?c trong qu&#226;n ??i</comment>
            </column>
        </property>
        <property name="employeeType" type="string">
            <column name="employeeType" length="1000">
                <comment>di?n ??i t??ng</comment>
            </column>
        </property>
        <property name="employeeTypeId" type="java.lang.Integer">
            <column name="employeeTypeId">
                <comment>id di?n ??i t??ng</comment>
            </column>
        </property>
        <property name="saleCode" type="string">
            <column name="saleCode" length="1000">
                <comment>m&#227; b&#225;n h&#224;ng</comment>
            </column>
        </property>
        <property name="collectCallCode" type="string">
            <column name="collectCallCode" length="1000">
                <comment>m&#227; thu c??c</comment>
            </column>
        </property>
        <property name="accountNumber" type="string">
            <column name="accountNumber" length="1000">
                <comment>t&#224;i kho?n ng&#226;n h&#224;ng</comment>
            </column>
        </property>
        <property name="bankBranch" type="string">
            <column name="bankBranch" length="1000">
                <comment>chi nh&#225;nh ng&#226;n h&#224;ng</comment>
            </column>
        </property>
        <property name="bank" type="string">
            <column name="bank" length="1000">
                <comment>ng&#226;n h&#224;ng</comment>
            </column>
        </property>
        <property name="organizationId" type="int">
            <column name="organizationId" not-null="true" />
        </property>
        <property name="mobileNumber2" type="string">
            <column name="mobileNumber2" length="50" />
        </property>
        
        <property name="lastSyncTime" type="long">
            <column name="lastSyncTime" not-null="true">
            </column>
        </property>
    </class>
</hibernate-mapping>
