<?xml version="1.0" encoding="UTF-8"?>
<project-private xmlns="http://www.netbeans.org/ns/project-private/1">
    <editor-bookmarks xmlns="http://www.netbeans.org/ns/editor-bookmarks/2" lastBookmarkId="0"/>
    <open-files xmlns="http://www.netbeans.org/ns/projectui-open-files/2">
        <group>
            <file>file:/E:/01.PROJECT/01.SMARTOFFICE/SOURCE2/Synchronize/src/com/viettel/synchronize/smartsyn/SynchonizeVHRSettingData.java</file>
            <file>file:/E:/01.PROJECT/01.SMARTOFFICE/SOURCE2/Synchronize/src/com/viettel/synchronize/util/DataUtils.java</file>
            <file>file:/E:/01.PROJECT/01.SMARTOFFICE/SOURCE2/Synchronize/nbproject/build-impl.xml</file>
            <file>file:/E:/01.PROJECT/01.SMARTOFFICE/SOURCE2/Synchronize/src/com/viettel/synchronize/smartsyn/Stop.java</file>
            <file>file:/E:/01.PROJECT/01.SMARTOFFICE/SOURCE2/Synchronize/src/com/viettel/synchronize/smartsyn/TTNSQuery.java</file>
            <file>file:/E:/01.PROJECT/01.SMARTOFFICE/SOURCE2/Synchronize/src/com/viettel/synchronize/smartsyn/SynchonizeVHRBusinessData.java</file>
        </group>
    </open-files>
</project-private>
